{"means": [9.964602499999996, 75.41196249999993, 65.41816749999995, 0.4743, 2.37155], "stds": [4.9040268929721185, 19.887703101378822, 16.08659398977745, 0.49933907317571113, 0.9942588181655204]}